estado,accion,q_value
cluster6_fase3,tratar_faltantes_strings_aleatorio,-0.037909041071874865
cluster6_fase3,tratar_faltantes_strings_etiqueta_desconocido,-0.03757221471048257
cluster6_fase3,tratar_faltantes_strings_eliminar,-0.03790442331423694
cluster6_fase3,tratar_faltantes_strings_moda,-0.037506212904069657
cluster7_fase10,crear_nueva_variable_None,0.0
cluster7_fase10,crear_nueva_variable_llm_qwen2.5_coder:7b,-0.9044535013906253
cluster7_fase10,crear_nueva_variable_llm_deepseek_r1:8b,-1.355239913394768
cluster7_fase10,crear_nueva_variable_llm_llama3.1:8b,-0.251969312942211
cluster7_fase9,normalizar_datos_numericos_inverso,0.0
cluster7_fase9,normalizar_datos_numericos_z_score,-1.3579669726946129
cluster7_fase9,normalizar_datos_numericos_box_cox,-0.9691618379408813
cluster7_fase9,normalizar_datos_numericos_cuadrado,0.0
cluster7_fase9,normalizar_datos_numericos_None,0.0
cluster7_fase9,normalizar_datos_numericos_sqrt,0.0
cluster7_fase9,normalizar_datos_numericos_ln,0.0
cluster2_fase4,codificar_variables_categoricas_rango_bajo_label_encoding,0.06653639292030399
cluster2_fase4,codificar_variables_categoricas_rango_bajo_None,0.06681314641706898
cluster2_fase4,codificar_variables_categoricas_rango_bajo_one_hot_encoding,0.06633040844444581
cluster3_fase13,clasificacion_random_forest,-1.4499999999999986
cluster3_fase13,clasificacion_linear_discriminant_analysis,-0.7809309580574452
cluster3_fase13,clasificacion_svc,0.004048439933664515
cluster3_fase13,clasificacion_multinomial_nb,-1.2420541900702708
cluster3_fase13,clasificacion_quadratic_discriminant_analysis,-0.414035002162756
cluster3_fase13,clasificacion_ridge_classifier,-0.5025096327872174
cluster3_fase13,clasificacion_mlp_classifier,-0.45851443572700723
cluster3_fase13,clasificacion_ada_boost,-0.74305884431443
cluster3_fase13,clasificacion_logistic_regression,-0.20040314192586467
cluster3_fase13,clasificacion_linear_svc,-0.42916126139521377
cluster3_fase13,clasificacion_sgd_classifier,-0.5368554030444045
cluster3_fase13,clasificacion_gradient_boosting,-1.3972039233052975
cluster3_fase13,clasificacion_decision_tree,0.10557537533119704
cluster3_fase13,clasificacion_knn,0.23829425720094272
cluster3_fase13,clasificacion_hist_gradient_boosting,-1.398554146109124
cluster3_fase13,clasificacion_gaussian_nb,-0.006295760446762347
cluster9_fase5,codificar_variables_categoricas_rango_medio_eliminar_variable,0.0
cluster9_fase5,codificar_variables_categoricas_rango_medio_frequency_encoding,0.0
cluster0_fase14,regresion_random_forest,-1.4499999999999986
cluster0_fase14,regresion_arbol_decision,-0.3554552626794033
cluster0_fase14,regresion_lasso,-0.5563715618552528
cluster0_fase14,regresion_ada_boost,-0.9453719801912116
cluster0_fase14,regresion_lineal,-0.563500766217781
cluster0_fase14,regresion_knn,-0.09546679522648306
cluster0_fase14,regresion_elasticnet,-0.20110756139715663
cluster0_fase14,regresion_ridge,-0.2673073171212197
cluster0_fase14,regresion_svr,-0.3148342181705359
cluster0_fase14,regresion_mlp_regressor,-0.6145668248701435
cluster0_fase14,regresion_gradient_boosting,-1.3580726617519934
cluster1_fase8,escalar_datos_numericos_None,-1.079519569334649
cluster1_fase8,escalar_datos_numericos_max_abs_scaler,-1.0795996582646235
cluster1_fase8,escalar_datos_numericos_robust_scaler,-1.079648925640501
cluster1_fase8,escalar_datos_numericos_standard_scaler,-1.07953206144461
cluster1_fase8,escalar_datos_numericos_min_max,-1.0889447583870167
cluster0_fase3,tratar_faltantes_strings_moda,-0.1874804825960628
cluster0_fase3,tratar_faltantes_strings_etiqueta_desconocido,-0.1873481792493544
cluster0_fase3,tratar_faltantes_strings_eliminar,-0.18757532909720226
cluster0_fase3,tratar_faltantes_strings_aleatorio,-0.18819724325445705
cluster4_fase12,qwen2.5_coder:7b,0.20408484464297616
cluster4_fase12,llama3.1:8b,0.20408487652133206
cluster4_fase12,ninguno,0.20408491956280392
cluster0_fase6,codificar_variables_categoricas_rango_alto_eliminar_columna,-0.2309544229221419
cluster2_fase14,regresion_random_forest,-1.413011625734508
cluster2_fase14,regresion_arbol_decision,-0.43200076683251754
cluster2_fase14,regresion_lasso,-0.12322640946622358
cluster2_fase14,regresion_ada_boost,-0.916147092560829
cluster2_fase14,regresion_lineal,-0.07481755809635239
cluster2_fase14,regresion_knn,-1.0751088098269108
cluster2_fase14,regresion_ridge,-0.25173307985095833
cluster2_fase14,regresion_elasticnet,-0.16072197337966423
cluster2_fase14,regresion_svr,-1.18625586465165
cluster2_fase14,regresion_mlp_regressor,-1.055639740948024
cluster2_fase14,regresion_gradient_boosting,-1.429282457527357
cluster5_fase10,crear_nueva_variable_None,-0.054760533353471474
cluster5_fase10,crear_nueva_variable_llm_qwen2.5_coder:7b,-0.05474967927217826
cluster5_fase10,crear_nueva_variable_llm_deepseek_r1:8b,-0.15943762446627413
cluster5_fase10,crear_nueva_variable_llm_llama3.1:8b,-0.054797093614240504
cluster1_fase9,normalizar_datos_numericos_inverso,-1.144977833496572
cluster1_fase9,normalizar_datos_numericos_z_score,-1.145044724792716
cluster1_fase9,normalizar_datos_numericos_box_cox,-1.1480904508114136
cluster1_fase9,normalizar_datos_numericos_cuadrado,-1.1450893009523195
cluster1_fase9,normalizar_datos_numericos_None,-1.1450163733466354
cluster1_fase9,normalizar_datos_numericos_sqrt,-1.1450764179868147
cluster1_fase9,normalizar_datos_numericos_ln,-1.1451310117749196
cluster6_fase15,clustering_dbscan,-0.9726670696148664
cluster6_fase15,clustering_mean_shift,-1.2699999999999987
cluster6_fase15,clustering_spectral_clustering,-1.2699999999999987
cluster6_fase15,clustering_birch,-1.158346642943552
cluster6_fase15,clustering_kmeans,-0.8807403718639855
cluster6_fase15,clustering_agglomerative_clustering,-1.0427241166625298
cluster0_fase9,normalizar_datos_numericos_inverso,-0.3349519804772076
cluster0_fase9,normalizar_datos_numericos_z_score,-0.335132024198044
cluster0_fase9,normalizar_datos_numericos_box_cox,-0.35847371742745754
cluster0_fase9,normalizar_datos_numericos_cuadrado,-0.3518209410421928
cluster0_fase9,normalizar_datos_numericos_None,-0.3469381550883484
cluster0_fase9,normalizar_datos_numericos_sqrt,-0.33878655777857747
cluster0_fase9,normalizar_datos_numericos_ln,-0.3488725282744156
cluster6_fase12,qwen2.5_coder:7b,-0.0970291478494184
cluster6_fase12,deepseek_r1:8b,-0.10125902459900198
cluster6_fase12,llama3.1:8b,-0.09540913688812402
cluster6_fase12,ninguno,-0.09416674832361603
cluster7_fase3,tratar_faltantes_strings_etiqueta_desconocido,0.0
cluster7_fase3,tratar_faltantes_strings_eliminar,0.0
cluster7_fase3,tratar_faltantes_strings_moda,0.0
cluster7_fase3,tratar_faltantes_strings_aleatorio,0.0
cluster7_fase11,seleccionar_variables_mutual_info_50,-1.449986216864577
cluster7_fase11,seleccionar_variables_mutual_info_25,-1.449986216864577
cluster7_fase11,seleccionar_variables_pca_90,-1.2699879278744914
cluster7_fase11,seleccionar_variables_umap_80,-1.4050235155639066
cluster7_fase11,seleccionar_variables_llm_deepseek_r1:8b,-1.4499999998689825
cluster7_fase11,seleccionar_variables_mutual_info_75,0.0
cluster7_fase11,seleccionar_variables_llm_llama3.1:8b,-1.2699879278744914
cluster7_fase11,seleccionar_variables_umap_50,-1.449986216864577
cluster7_fase11,seleccionar_variables_None,0.0
cluster1_fase3,tratar_faltantes_strings_aleatorio,-0.8048238883083624
cluster1_fase3,tratar_faltantes_strings_etiqueta_desconocido,-0.8048366505430737
cluster1_fase3,tratar_faltantes_strings_eliminar,-0.8048225994936995
cluster1_fase3,tratar_faltantes_strings_moda,-0.8048182375195253
cluster0_fase10,crear_nueva_variable_None,-0.3931815548408711
cluster0_fase10,crear_nueva_variable_llm_qwen2.5_coder:7b,-0.39259362035920486
cluster0_fase10,crear_nueva_variable_llm_deepseek_r1:8b,-0.46727714734149545
cluster0_fase10,crear_nueva_variable_llm_llama3.1:8b,-0.4117314129729052
cluster0_fase11,seleccionar_variables_mutual_info_25,-0.42200257145389936
cluster0_fase11,seleccionar_variables_mutual_info_50,-0.4386367995038062
cluster0_fase11,seleccionar_variables_pca_90,-0.4853178641123256
cluster0_fase11,seleccionar_variables_llm_qwen2.5_coder:7b,-0.5264836439057814
cluster0_fase11,seleccionar_variables_pca_99,-0.8143711629430471
cluster0_fase11,seleccionar_variables_umap_80,-0.5921540411991507
cluster0_fase11,seleccionar_variables_llm_deepseek_r1:8b,-0.7518907692284047
cluster0_fase11,seleccionar_variables_mutual_info_75,-0.4440530332134226
cluster0_fase11,seleccionar_variables_pca_95,-0.5525971454681736
cluster0_fase11,seleccionar_variables_llm_llama3.1:8b,-0.4864042397200198
cluster0_fase11,seleccionar_variables_select_from_model,-0.46924900445861806
cluster0_fase11,seleccionar_variables_umap_50,-0.8680417795750133
cluster0_fase11,seleccionar_variables_umap_20,-0.5733402261123117
cluster0_fase11,seleccionar_variables_None,-0.42588381758873234
cluster6_fase6,codificar_variables_categoricas_rango_alto_eliminar_columna,-0.051180466493790315
cluster7_fase12,deepseek_r1:8b,0.0
cluster7_fase12,llama3.1:8b,0.0
cluster1_fase10,crear_nueva_variable_None,-1.2146398591822845
cluster1_fase10,crear_nueva_variable_llm_qwen2.5_coder:7b,-1.2148285312970695
cluster1_fase10,crear_nueva_variable_llm_deepseek_r1:8b,-1.2293740008496787
cluster1_fase10,crear_nueva_variable_llm_llama3.1:8b,-1.214674297724243
cluster1_fase13,clasificacion_linear_discriminant_analysis,-1.449986216864577
cluster1_fase13,clasificacion_quadratic_discriminant_analysis,-1.449986216864577
cluster1_fase13,clasificacion_multinomial_nb,-1.449986216864577
cluster1_fase13,clasificacion_svc,-1.449986216864577
cluster1_fase13,clasificacion_ridge_classifier,-1.449986216864577
cluster1_fase13,clasificacion_logistic_regression,-1.449986216864577
cluster1_fase13,clasificacion_ada_boost,-1.449986216864577
cluster1_fase13,clasificacion_linear_svc,-1.449986216864577
cluster1_fase13,clasificacion_decision_tree,-1.449986216864577
cluster1_fase13,clasificacion_gradient_boosting,-1.449986216864577
cluster1_fase13,clasificacion_knn,-1.449986216864577
cluster4_fase6,codificar_variables_categoricas_rango_alto_eliminar_columna,0.14341521653905878
cluster0_fase4,codificar_variables_categoricas_rango_bajo_label_encoding,-0.20053655222183858
cluster0_fase4,codificar_variables_categoricas_rango_bajo_None,-0.19954309495426623
cluster0_fase4,codificar_variables_categoricas_rango_bajo_one_hot_encoding,-0.198769023729193
cluster4_fase9,normalizar_datos_numericos_inverso,0.1710812662862582
cluster4_fase9,normalizar_datos_numericos_z_score,-0.4856321004580947
cluster4_fase9,normalizar_datos_numericos_box_cox,-0.10580617566912401
cluster4_fase9,normalizar_datos_numericos_cuadrado,0.1710813998738677
cluster4_fase9,normalizar_datos_numericos_None,0.17108135736926466
cluster4_fase9,normalizar_datos_numericos_sqrt,0.17108137694651854
cluster4_fase9,normalizar_datos_numericos_ln,0.17108110516605982
cluster8_fase14,regresion_random_forest,-1.2014962953981578
cluster8_fase14,regresion_arbol_decision,0.01920773168474791
cluster8_fase14,regresion_lasso,0.23620993664261233
cluster8_fase14,regresion_ada_boost,-0.9436503936485371
cluster8_fase14,regresion_lineal,0.07401174661528279
cluster8_fase14,regresion_knn,-0.09056322936232458
cluster8_fase14,regresion_ridge,-0.26355492294372707
cluster8_fase14,regresion_elasticnet,-0.15166600050932327
cluster8_fase14,regresion_svr,-0.18639735740141622
cluster8_fase14,regresion_mlp_regressor,-0.06078239543786655
cluster8_fase14,regresion_gradient_boosting,-0.9401027110032301
cluster3_fase14,regresion_random_forest,-0.977637388247749
cluster3_fase14,regresion_arbol_decision,-0.49072872804683443
cluster3_fase14,regresion_lasso,0.0709059561743467
cluster3_fase14,regresion_ada_boost,-0.651668179283284
cluster3_fase14,regresion_lineal,-0.41417133373075876
cluster3_fase14,regresion_knn,-0.9644275902166184
cluster3_fase14,regresion_elasticnet,-0.27926758216343855
cluster3_fase14,regresion_ridge,-0.17907736305286648
cluster3_fase14,regresion_svr,-0.9349655301599948
cluster3_fase14,regresion_mlp_regressor,-0.9100528287655764
cluster3_fase14,regresion_gradient_boosting,-0.9431337394241753
cluster9_fase8,escalar_datos_numericos_None,0.0
cluster9_fase8,escalar_datos_numericos_max_abs_scaler,0.0
cluster9_fase8,escalar_datos_numericos_robust_scaler,0.0
cluster9_fase8,escalar_datos_numericos_standard_scaler,0.0
cluster9_fase8,escalar_datos_numericos_min_max,0.0
cluster4_fase11,seleccionar_variables_mutual_info_50,0.06224369129415126
cluster4_fase11,seleccionar_variables_mutual_info_25,-0.2839686432936714
cluster4_fase11,seleccionar_variables_pca_90,0.19243078568438285
cluster4_fase11,seleccionar_variables_llm_qwen2.5_coder:7b,-0.300043741047641
cluster4_fase11,seleccionar_variables_pca_99,-1.2699879278744914
cluster4_fase11,seleccionar_variables_llm_deepseek_r1:8b,0.0010742390572411054
cluster4_fase11,seleccionar_variables_mutual_info_75,-0.08638317332518847
cluster4_fase11,seleccionar_variables_pca_95,-0.3536636141296465
cluster4_fase11,seleccionar_variables_llm_llama3.1:8b,-1.361490799021356
cluster4_fase11,seleccionar_variables_select_from_model,0.19243078153585236
cluster4_fase11,seleccionar_variables_umap_50,-0.006782361470735979
cluster4_fase11,seleccionar_variables_umap_20,-1.4499999999999986
cluster4_fase11,seleccionar_variables_None,0.19243077318599486
cluster6_fase0,tratar_duplicados_eliminar,-0.03128733290222385
cluster6_fase0,tratar_duplicados_None,-0.03130715268041551
cluster6_fase8,escalar_datos_numericos_None,-0.06743992109668379
cluster6_fase8,escalar_datos_numericos_max_abs_scaler,-0.2203392228196786
cluster6_fase8,escalar_datos_numericos_robust_scaler,-0.06924984850186108
cluster6_fase8,escalar_datos_numericos_standard_scaler,-0.11825443522045156
cluster6_fase8,escalar_datos_numericos_min_max,-0.14056494321531599
cluster8_fase7,tratar_outliers_numericos_moda,0.03130570023819413
cluster8_fase7,tratar_outliers_numericos_media,0.02876268387739341
cluster8_fase7,tratar_outliers_numericos_None,0.031360513872159594
cluster8_fase7,tratar_outliers_numericos_eliminar,0.03175227617158166
cluster8_fase7,tratar_outliers_numericos_media_geometrica,0.026241339328089447
cluster8_fase7,tratar_outliers_numericos_aleatorio,0.033461735989364
cluster8_fase7,tratar_outliers_numericos_mediana,0.02710251368497395
cluster1_fase12,deepseek_r1:8b,-1.3671871372356545
cluster1_fase12,qwen2.5_coder:7b,-1.3671872932016298
cluster1_fase12,llama3.1:8b,-1.3671868568453023
cluster1_fase12,ninguno,-1.3671872574599182
cluster1_fase14,regresion_random_forest,-1.4397087757568312
cluster1_fase14,regresion_arbol_decision,-0.5782722111921734
cluster1_fase14,regresion_lasso,-0.32319949097243805
cluster1_fase14,regresion_ada_boost,-1.0929664809304183
cluster1_fase14,regresion_lineal,-0.22826202815469354
cluster1_fase14,regresion_knn,-0.24254436160606643
cluster1_fase14,regresion_ridge,0.04240230309056803
cluster1_fase14,regresion_elasticnet,-0.20870204211183652
cluster1_fase14,regresion_svr,-0.3515717656548533
cluster1_fase14,regresion_mlp_regressor,-0.7313016413654198
cluster1_fase14,regresion_gradient_boosting,-1.444165461026745
cluster7_fase14,regresion_random_forest,-1.449986216864577
cluster7_fase14,regresion_lasso,-1.449986216864577
cluster7_fase14,regresion_lineal,-1.449986216864577
cluster7_fase14,regresion_knn,-1.449986216864577
cluster7_fase14,regresion_ridge,-1.449986216864577
cluster7_fase14,regresion_elasticnet,-1.449986216864577
cluster7_fase14,regresion_gradient_boosting,-1.449986216864577
cluster8_fase0,tratar_duplicados_eliminar,0.006253379883741158
cluster8_fase0,tratar_duplicados_None,0.006161887308839757
cluster3_fase2,tratar_faltantes_numericos_mediana,0.08163838392450594
cluster3_fase2,tratar_faltantes_numericos_None,0.08432994602247608
cluster3_fase2,tratar_faltantes_numericos_eliminar,0.08210034325563058
cluster3_fase2,tratar_faltantes_numericos_moda,0.08405218219306476
cluster3_fase2,tratar_faltantes_numericos_aleatorio,0.08168823080707893
cluster3_fase2,tratar_faltantes_numericos_media_geometrica,0.08099894476042362
cluster3_fase2,tratar_faltantes_numericos_media,0.08601300988025858
cluster5_fase9,normalizar_datos_numericos_inverso,-0.04957100523381672
cluster5_fase9,normalizar_datos_numericos_z_score,-0.05035851616456915
cluster5_fase9,normalizar_datos_numericos_box_cox,-0.12057955724041498
cluster5_fase9,normalizar_datos_numericos_None,-0.0500058527546115
cluster5_fase9,normalizar_datos_numericos_cuadrado,-0.05048938336165433
cluster5_fase9,normalizar_datos_numericos_sqrt,-0.05073150876834007
cluster5_fase9,normalizar_datos_numericos_ln,-0.05052986108268151
cluster8_fase6,codificar_variables_categoricas_rango_alto_eliminar_columna,0.031299570627844706
cluster2_fase0,tratar_duplicados_eliminar,0.04299301944911254
cluster2_fase0,tratar_duplicados_None,0.04247904954931219
cluster3_fase0,tratar_duplicados_eliminar,0.0830287842047978
cluster3_fase0,tratar_duplicados_None,0.08329434202330485
cluster3_fase5,codificar_variables_categoricas_rango_medio_eliminar_variable,0.07816740789134977
cluster3_fase5,codificar_variables_categoricas_rango_medio_frequency_encoding,0.07856175075999944
cluster0_fase1,codificar_variables_binarias_label_encoding,-0.17240276087777803
cluster0_fase1,codificar_variables_binarias_None,-0.1736993877092315
cluster6_fase10,crear_nueva_variable_None,-0.10257680466560452
cluster6_fase10,crear_nueva_variable_llm_qwen2.5_coder:7b,-0.10292059461575484
cluster6_fase10,crear_nueva_variable_llm_deepseek_r1:8b,-0.14176360674880192
cluster6_fase10,crear_nueva_variable_llm_llama3.1:8b,-0.19461657097163673
cluster4_fase4,codificar_variables_categoricas_rango_bajo_label_encoding,0.12750392750912454
cluster4_fase4,codificar_variables_categoricas_rango_bajo_None,0.12750392092600002
cluster4_fase4,codificar_variables_categoricas_rango_bajo_one_hot_encoding,0.12750392598183385
cluster5_fase4,codificar_variables_categoricas_rango_bajo_label_encoding,-0.03153457850417508
cluster5_fase4,codificar_variables_categoricas_rango_bajo_None,-0.031418498151168026
cluster5_fase4,codificar_variables_categoricas_rango_bajo_one_hot_encoding,-0.03113982036141065
cluster5_fase3,tratar_faltantes_strings_etiqueta_desconocido,-0.02800324553577694
cluster5_fase3,tratar_faltantes_strings_eliminar,-0.027631483105231527
cluster5_fase3,tratar_faltantes_strings_moda,-0.028232124119829484
cluster5_fase3,tratar_faltantes_strings_aleatorio,-0.027012388097089942
cluster5_fase13,clasificacion_random_forest,-1.4499999999999986
cluster5_fase13,clasificacion_linear_discriminant_analysis,-0.787804672552996
cluster5_fase13,clasificacion_multinomial_nb,-1.0425562416766043
cluster5_fase13,clasificacion_svc,-0.06371732631140176
cluster5_fase13,clasificacion_quadratic_discriminant_analysis,-1.4499999999999986
cluster5_fase13,clasificacion_ridge_classifier,-0.2486773965916385
cluster5_fase13,clasificacion_knn,-0.2880390471292693
cluster5_fase13,clasificacion_logistic_regression,-0.4514419798220885
cluster5_fase13,clasificacion_ada_boost,-1.081609006196052
cluster5_fase13,clasificacion_linear_svc,-0.2966874455723086
cluster5_fase13,clasificacion_sgd_classifier,-1.0399684351432568
cluster5_fase13,clasificacion_gradient_boosting,-1.4499999999999986
cluster5_fase13,clasificacion_decision_tree,-0.12678816150891903
cluster5_fase13,clasificacion_mlp_classifier,-0.8222384005316267
cluster5_fase13,clasificacion_hist_gradient_boosting,-1.4499999999999986
cluster5_fase13,clasificacion_gaussian_nb,-0.16268030396275185
cluster5_fase15,clustering_kmeans,-0.026841659798397435
cluster5_fase15,clustering_dbscan,-0.10895792565362745
cluster5_fase15,clustering_mean_shift,-0.42999571528417985
cluster5_fase15,clustering_spectral_clustering,-1.0160109665982633
cluster5_fase15,clustering_birch,-0.33504726537104756
cluster5_fase15,clustering_agglomerative_clustering,-0.05362367604392118
cluster2_fase3,tratar_faltantes_strings_aleatorio,0.05598094142721327
cluster2_fase3,tratar_faltantes_strings_etiqueta_desconocido,0.06036095684074211
cluster2_fase3,tratar_faltantes_strings_eliminar,0.05793818132059662
cluster2_fase3,tratar_faltantes_strings_moda,0.05972535751989113
cluster7_fase15,clustering_kmeans,-1.2699879278744914
cluster7_fase15,clustering_dbscan,-1.2699879278744914
cluster7_fase15,clustering_spectral_clustering,-1.2699879278744914
cluster7_fase15,clustering_mean_shift,-1.2699879278744914
cluster3_fase10,crear_nueva_variable_None,0.11984544685302391
cluster3_fase10,crear_nueva_variable_llm_qwen2.5_coder:7b,0.12338957147241926
cluster3_fase10,crear_nueva_variable_llm_deepseek_r1:8b,0.04218116831580403
cluster3_fase10,crear_nueva_variable_llm_llama3.1:8b,0.10614992094893799
cluster0_fase8,escalar_datos_numericos_None,-0.2926668584101161
cluster0_fase8,escalar_datos_numericos_max_abs_scaler,-0.2929171900569168
cluster0_fase8,escalar_datos_numericos_robust_scaler,-0.3002355613161826
cluster0_fase8,escalar_datos_numericos_standard_scaler,-0.2762460922068973
cluster0_fase8,escalar_datos_numericos_min_max,-0.28765037344503214
cluster3_fase3,tratar_faltantes_strings_etiqueta_desconocido,0.08070844569793789
cluster3_fase3,tratar_faltantes_strings_eliminar,0.0792487456418431
cluster3_fase3,tratar_faltantes_strings_moda,0.07624015938451925
cluster3_fase3,tratar_faltantes_strings_aleatorio,0.07913472977140322
cluster7_fase0,tratar_duplicados_eliminar,0.0
cluster7_fase0,tratar_duplicados_None,0.0
cluster2_fase8,escalar_datos_numericos_None,0.08757336833061292
cluster2_fase8,escalar_datos_numericos_max_abs_scaler,-0.19614557173620664
cluster2_fase8,escalar_datos_numericos_robust_scaler,-0.21621315964642612
cluster2_fase8,escalar_datos_numericos_standard_scaler,-0.16985694062781742
cluster2_fase8,escalar_datos_numericos_min_max,-0.11980157195302861
cluster1_fase11,seleccionar_variables_mutual_info_50,-1.295731106326889
cluster1_fase11,seleccionar_variables_mutual_info_25,-1.304097085074747
cluster1_fase11,seleccionar_variables_pca_90,-1.2884387663813013
cluster1_fase11,seleccionar_variables_llm_qwen2.5_coder:7b,-1.3012657647077683
cluster1_fase11,seleccionar_variables_pca_99,-1.2967047339671236
cluster1_fase11,seleccionar_variables_umap_80,-1.2950657281692017
cluster1_fase11,seleccionar_variables_llm_deepseek_r1:8b,-1.2988448671544026
cluster1_fase11,seleccionar_variables_mutual_info_75,-1.2983527352031212
cluster1_fase11,seleccionar_variables_pca_95,-1.305263493170827
cluster1_fase11,seleccionar_variables_llm_llama3.1:8b,-1.312148736798333
cluster1_fase11,seleccionar_variables_select_from_model,-1.3130077232731585
cluster1_fase11,seleccionar_variables_umap_50,-1.3039591594294506
cluster1_fase11,seleccionar_variables_umap_20,-1.3633483343219308
cluster1_fase11,seleccionar_variables_None,-1.289115891700154
cluster9_fase10,crear_nueva_variable_None,0.0
cluster9_fase10,crear_nueva_variable_llm_qwen2.5_coder:7b,0.0
cluster9_fase10,crear_nueva_variable_llm_deepseek_r1:8b,-0.15407156084036153
cluster9_fase10,crear_nueva_variable_llm_llama3.1:8b,-0.05607333244271091
cluster3_fase9,normalizar_datos_numericos_inverso,0.09399037619200162
cluster3_fase9,normalizar_datos_numericos_z_score,0.09723167105545477
cluster3_fase9,normalizar_datos_numericos_box_cox,0.088447159822987
cluster3_fase9,normalizar_datos_numericos_None,0.09418908209507916
cluster3_fase9,normalizar_datos_numericos_cuadrado,0.09617880516683103
cluster3_fase9,normalizar_datos_numericos_sqrt,0.10299816752671954
cluster3_fase9,normalizar_datos_numericos_ln,0.10018607402801624
cluster8_fase9,normalizar_datos_numericos_inverso,0.02739945977506238
cluster8_fase9,normalizar_datos_numericos_z_score,0.035340299565850476
cluster8_fase9,normalizar_datos_numericos_box_cox,-0.19325458832531944
cluster8_fase9,normalizar_datos_numericos_cuadrado,0.039078631835919656
cluster8_fase9,normalizar_datos_numericos_None,0.0385506425760861
cluster8_fase9,normalizar_datos_numericos_sqrt,0.038041398150240324
cluster8_fase9,normalizar_datos_numericos_ln,0.0411662524925067
cluster3_fase7,tratar_outliers_numericos_moda,0.0825061890634921
cluster3_fase7,tratar_outliers_numericos_media,0.08333055805275887
cluster3_fase7,tratar_outliers_numericos_None,0.08451144001544564
cluster3_fase7,tratar_outliers_numericos_eliminar,0.08473516994428619
cluster3_fase7,tratar_outliers_numericos_media_geometrica,0.08317562171471946
cluster3_fase7,tratar_outliers_numericos_aleatorio,0.08118504484030283
cluster3_fase7,tratar_outliers_numericos_mediana,0.08589177755654218
cluster8_fase10,crear_nueva_variable_None,0.020640549274483028
cluster8_fase10,crear_nueva_variable_llm_qwen2.5_coder:7b,0.013537084501559188
cluster8_fase10,crear_nueva_variable_llm_deepseek_r1:8b,0.01877488162039479
cluster8_fase10,crear_nueva_variable_llm_llama3.1:8b,0.02938633619144103
cluster1_fase15,clustering_kmeans,-1.2699999999999987
cluster1_fase15,clustering_dbscan,-1.2699999999999987
cluster1_fase15,clustering_mean_shift,-1.2699999999999987
cluster1_fase15,clustering_spectral_clustering,-1.2699999999999987
cluster1_fase15,clustering_birch,-1.2699999999999987
cluster1_fase15,clustering_agglomerative_clustering,-1.2699999999999987
cluster7_fase2,tratar_faltantes_numericos_mediana,0.0
cluster7_fase2,tratar_faltantes_numericos_None,0.0
cluster7_fase2,tratar_faltantes_numericos_eliminar,0.0
cluster7_fase2,tratar_faltantes_numericos_moda,0.0
cluster7_fase2,tratar_faltantes_numericos_aleatorio,0.0
cluster7_fase2,tratar_faltantes_numericos_media_geometrica,0.0
cluster7_fase2,tratar_faltantes_numericos_media,0.0
cluster2_fase2,tratar_faltantes_numericos_mediana,0.044453908437099454
cluster2_fase2,tratar_faltantes_numericos_eliminar,0.04903199029964625
cluster2_fase2,tratar_faltantes_numericos_None,0.04966828024572126
cluster2_fase2,tratar_faltantes_numericos_moda,0.05021740991338833
cluster2_fase2,tratar_faltantes_numericos_aleatorio,0.049800374725297254
cluster2_fase2,tratar_faltantes_numericos_media_geometrica,0.05188336423231111
cluster2_fase2,tratar_faltantes_numericos_media,0.04829391493168855
cluster6_fase13,clasificacion_random_forest,-1.4499999999999986
cluster6_fase13,clasificacion_linear_discriminant_analysis,-1.4499999999999986
cluster6_fase13,clasificacion_quadratic_discriminant_analysis,-0.6201502569899175
cluster6_fase13,clasificacion_svc,-1.1812065656627695
cluster6_fase13,clasificacion_multinomial_nb,-1.2232061561441823
cluster6_fase13,clasificacion_gaussian_nb,-0.511366625205054
cluster6_fase13,clasificacion_ridge_classifier,-0.09033985977491854
cluster6_fase13,clasificacion_logistic_regression,-0.7516276830135304
cluster6_fase13,clasificacion_ada_boost,-1.0066680931433105
cluster6_fase13,clasificacion_linear_svc,-1.1318628022506818
cluster6_fase13,clasificacion_sgd_classifier,-0.23492910735406652
cluster6_fase13,clasificacion_gradient_boosting,-1.4499999999999986
cluster6_fase13,clasificacion_decision_tree,-0.39881894938936396
cluster6_fase13,clasificacion_knn,-1.1584873923457444
cluster6_fase13,clasificacion_hist_gradient_boosting,-1.057025717542275
cluster6_fase13,clasificacion_mlp_classifier,-0.630983751010598
cluster4_fase14,regresion_random_forest,-1.4499999999999986
cluster4_fase14,regresion_arbol_decision,-0.0828941969860139
cluster4_fase14,regresion_lasso,-0.03708160583886411
cluster4_fase14,regresion_ada_boost,-1.2967026128368513
cluster4_fase14,regresion_lineal,-0.2766352611450349
cluster4_fase14,regresion_knn,-0.7834555572299204
cluster4_fase14,regresion_ridge,-0.25934399230406835
cluster4_fase14,regresion_elasticnet,-0.2604664032092646
cluster4_fase14,regresion_svr,-0.9861180537766917
cluster4_fase14,regresion_mlp_regressor,-1.0243873998193596
cluster4_fase14,regresion_gradient_boosting,-1.4499999999999986
cluster6_fase7,tratar_outliers_numericos_moda,-0.0560149355354244
cluster6_fase7,tratar_outliers_numericos_media,-0.05927806970582008
cluster6_fase7,tratar_outliers_numericos_None,-0.05718887371667827
cluster6_fase7,tratar_outliers_numericos_eliminar,-0.05612165123414889
cluster6_fase7,tratar_outliers_numericos_media_geometrica,-0.05508645356645298
cluster6_fase7,tratar_outliers_numericos_aleatorio,-0.056679938748066226
cluster6_fase7,tratar_outliers_numericos_mediana,-0.05606317609026647
cluster4_fase15,clustering_kmeans,-1.2699999998852467
cluster4_fase15,clustering_dbscan,-1.2699879278744914
cluster4_fase15,clustering_mean_shift,-1.2699999998852467
cluster4_fase15,clustering_spectral_clustering,-1.2699879278744914
cluster4_fase15,clustering_birch,-1.2699999998852467
cluster3_fase11,seleccionar_variables_mutual_info_50,0.09915253738501176
cluster3_fase11,seleccionar_variables_mutual_info_25,0.019781958308336376
cluster3_fase11,seleccionar_variables_pca_90,0.07866666501913036
cluster3_fase11,seleccionar_variables_pca_99,0.10589643704142598
cluster3_fase11,seleccionar_variables_llm_qwen2.5_coder:7b,0.13103525916642855
cluster3_fase11,seleccionar_variables_umap_80,0.11819149281632996
cluster3_fase11,seleccionar_variables_llm_deepseek_r1:8b,0.11196505763621872
cluster3_fase11,seleccionar_variables_mutual_info_75,0.12064306950536938
cluster3_fase11,seleccionar_variables_pca_95,0.11777681197092607
cluster3_fase11,seleccionar_variables_llm_llama3.1:8b,0.13351881487016984
cluster3_fase11,seleccionar_variables_select_from_model,0.09540326694935326
cluster3_fase11,seleccionar_variables_umap_50,0.04472267296702292
cluster3_fase11,seleccionar_variables_umap_20,0.1004093702664108
cluster3_fase11,seleccionar_variables_None,0.1444592924376346
cluster1_fase4,codificar_variables_categoricas_rango_bajo_label_encoding,-0.8534439747020626
cluster1_fase4,codificar_variables_categoricas_rango_bajo_None,-0.8534524346739705
cluster1_fase4,codificar_variables_categoricas_rango_bajo_one_hot_encoding,-0.8534340496001543
cluster2_fase11,seleccionar_variables_mutual_info_25,-0.12125926576174761
cluster2_fase11,seleccionar_variables_mutual_info_50,0.029387691069513083
cluster2_fase11,seleccionar_variables_pca_90,-0.16200195602998163
cluster2_fase11,seleccionar_variables_llm_qwen2.5_coder:7b,-0.0053576439142612
cluster2_fase11,seleccionar_variables_pca_99,-0.2058678846919216
cluster2_fase11,seleccionar_variables_umap_80,-0.057790284146818555
cluster2_fase11,seleccionar_variables_llm_deepseek_r1:8b,-0.09657399717713401
cluster2_fase11,seleccionar_variables_mutual_info_75,-0.019417722128467155
cluster2_fase11,seleccionar_variables_pca_95,-0.002296658079843137
cluster2_fase11,seleccionar_variables_llm_llama3.1:8b,0.07124501295323503
cluster2_fase11,seleccionar_variables_select_from_model,-0.05357923078670103
cluster2_fase11,seleccionar_variables_umap_50,-0.13831505176359868
cluster2_fase11,seleccionar_variables_umap_20,-0.1984856277454398
cluster2_fase11,seleccionar_variables_None,0.07656001202388418
cluster8_fase13,clasificacion_random_forest,-1.4499999999999986
cluster8_fase13,clasificacion_linear_discriminant_analysis,-0.6907471995875814
cluster8_fase13,clasificacion_svc,-0.3941983962967448
cluster8_fase13,clasificacion_multinomial_nb,-0.969973629738218
cluster8_fase13,clasificacion_gaussian_nb,-0.19374462287505345
cluster8_fase13,clasificacion_quadratic_discriminant_analysis,-0.9669044143149815
cluster8_fase13,clasificacion_ridge_classifier,-0.5560412354048061
cluster8_fase13,clasificacion_logistic_regression,-0.20080363918969446
cluster8_fase13,clasificacion_ada_boost,-0.9051705795849473
cluster8_fase13,clasificacion_linear_svc,-0.4911859110666281
cluster8_fase13,clasificacion_sgd_classifier,-0.7232727888032803
cluster8_fase13,clasificacion_gradient_boosting,-1.4499999999999986
cluster8_fase13,clasificacion_decision_tree,-0.12232960299947819
cluster8_fase13,clasificacion_knn,-0.4444452891088835
cluster8_fase13,clasificacion_hist_gradient_boosting,-1.4499999999999986
cluster8_fase13,clasificacion_mlp_classifier,-0.9886176004464673
cluster5_fase5,codificar_variables_categoricas_rango_medio_eliminar_variable,-0.03426847186653592
cluster5_fase5,codificar_variables_categoricas_rango_medio_frequency_encoding,-0.034571304204360574
cluster9_fase0,tratar_duplicados_eliminar,0.0
cluster9_fase0,tratar_duplicados_None,0.0
cluster2_fase7,tratar_outliers_numericos_moda,0.08069587110188489
cluster2_fase7,tratar_outliers_numericos_media,0.07995930632372052
cluster2_fase7,tratar_outliers_numericos_None,0.08000387643680905
cluster2_fase7,tratar_outliers_numericos_eliminar,0.07832665581439718
cluster2_fase7,tratar_outliers_numericos_media_geometrica,0.08062993955628717
cluster2_fase7,tratar_outliers_numericos_aleatorio,0.08168430526436192
cluster2_fase7,tratar_outliers_numericos_mediana,0.0753142603805016
cluster3_fase1,codificar_variables_binarias_label_encoding,0.0846621836978678
cluster3_fase1,codificar_variables_binarias_None,0.08474250397644682
cluster0_fase0,tratar_duplicados_eliminar,-0.16483521655552896
cluster0_fase0,tratar_duplicados_None,-0.16652012012752665
cluster7_fase8,escalar_datos_numericos_None,0.0
cluster7_fase8,escalar_datos_numericos_max_abs_scaler,-1.401570378186659
cluster7_fase8,escalar_datos_numericos_robust_scaler,-1.3812050803369582
cluster7_fase8,escalar_datos_numericos_standard_scaler,-1.4224497423639715
cluster7_fase8,escalar_datos_numericos_min_max,-1.4018357997360225
cluster6_fase11,seleccionar_variables_mutual_info_50,-0.17011507701622974
cluster6_fase11,seleccionar_variables_mutual_info_25,-0.20239209840005698
cluster6_fase11,seleccionar_variables_pca_90,-0.1962152100656631
cluster6_fase11,seleccionar_variables_pca_99,-0.3006782592312815
cluster6_fase11,seleccionar_variables_llm_qwen2.5_coder:7b,-0.20112623963908638
cluster6_fase11,seleccionar_variables_umap_80,-0.37388417664062057
cluster6_fase11,seleccionar_variables_llm_deepseek_r1:8b,-0.3205956213057829
cluster6_fase11,seleccionar_variables_mutual_info_75,-0.17043012003975183
cluster6_fase11,seleccionar_variables_pca_95,-0.9035356427056124
cluster6_fase11,seleccionar_variables_llm_llama3.1:8b,-0.5818327445433187
cluster6_fase11,seleccionar_variables_select_from_model,-0.19927349695555885
cluster6_fase11,seleccionar_variables_umap_50,-0.3496176735770491
cluster6_fase11,seleccionar_variables_umap_20,-0.41340698935129616
cluster6_fase11,seleccionar_variables_None,-0.10046368136600924
cluster2_fase10,crear_nueva_variable_None,0.08483523481935815
cluster2_fase10,crear_nueva_variable_llm_qwen2.5_coder:7b,0.0833077527505463
cluster2_fase10,crear_nueva_variable_llm_deepseek_r1:8b,0.08646948817824059
cluster2_fase10,crear_nueva_variable_llm_llama3.1:8b,0.07584762023415265
cluster2_fase9,normalizar_datos_numericos_inverso,0.08714662163872187
cluster2_fase9,normalizar_datos_numericos_z_score,0.05712542082339384
cluster2_fase9,normalizar_datos_numericos_box_cox,0.078088105587668
cluster2_fase9,normalizar_datos_numericos_None,0.08907704223000126
cluster2_fase9,normalizar_datos_numericos_cuadrado,0.0877538188911036
cluster2_fase9,normalizar_datos_numericos_sqrt,0.09240623908958355
cluster2_fase9,normalizar_datos_numericos_ln,0.08777587821711015
cluster2_fase12,qwen2.5_coder:7b,0.029406023361118517
cluster2_fase12,deepseek_r1:8b,0.03255012551062214
cluster2_fase12,llama3.1:8b,-0.004722185284520304
cluster2_fase12,ninguno,-0.011613092105296211
cluster3_fase12,qwen2.5_coder:7b,0.187975069932951
cluster3_fase12,deepseek_r1:8b,0.190508904079334
cluster3_fase12,llama3.1:8b,0.196712427994533
cluster3_fase12,ninguno,0.20193312651398182
cluster9_fase3,tratar_faltantes_strings_etiqueta_desconocido,0.0
cluster9_fase3,tratar_faltantes_strings_eliminar,0.0
cluster9_fase3,tratar_faltantes_strings_moda,0.0
cluster9_fase3,tratar_faltantes_strings_aleatorio,0.0
cluster0_fase7,tratar_outliers_numericos_moda,-0.2498972327569554
cluster0_fase7,tratar_outliers_numericos_media,-0.24663157141595501
cluster0_fase7,tratar_outliers_numericos_None,-0.2513182194637431
cluster0_fase7,tratar_outliers_numericos_eliminar,-0.2500647822088484
cluster0_fase7,tratar_outliers_numericos_media_geometrica,-0.25150759399447215
cluster0_fase7,tratar_outliers_numericos_aleatorio,-0.24693431320632395
cluster0_fase7,tratar_outliers_numericos_mediana,-0.24706225280248378
cluster8_fase4,codificar_variables_categoricas_rango_bajo_label_encoding,0.020654880957532738
cluster8_fase4,codificar_variables_categoricas_rango_bajo_None,0.02145685363771158
cluster8_fase4,codificar_variables_categoricas_rango_bajo_one_hot_encoding,0.021310652892651313
cluster5_fase6,codificar_variables_categoricas_rango_alto_eliminar_columna,-0.0372759314581365
cluster0_fase13,clasificacion_random_forest,-1.4218521774041522
cluster0_fase13,clasificacion_linear_discriminant_analysis,-0.9462048685779476
cluster0_fase13,clasificacion_svc,-0.6276411141662144
cluster0_fase13,clasificacion_quadratic_discriminant_analysis,-0.5320555579468824
cluster0_fase13,clasificacion_multinomial_nb,-1.1697820496687639
cluster0_fase13,clasificacion_ridge_classifier,-0.591890950659955
cluster0_fase13,clasificacion_mlp_classifier,-0.8433788883766761
cluster0_fase13,clasificacion_ada_boost,-0.7668513017424795
cluster0_fase13,clasificacion_sgd_classifier,-0.7127558684509122
cluster0_fase13,clasificacion_linear_svc,-0.7911199185734755
cluster0_fase13,clasificacion_logistic_regression,-0.9637690581982536
cluster0_fase13,clasificacion_decision_tree,-0.7202666155121639
cluster0_fase13,clasificacion_gradient_boosting,-1.4375845061351928
cluster0_fase13,clasificacion_knn,-0.9004452771365778
cluster0_fase13,clasificacion_hist_gradient_boosting,-1.3255927649336299
cluster0_fase13,clasificacion_gaussian_nb,-0.5421844406805768
cluster1_fase0,tratar_duplicados_eliminar,-0.6746699803069336
cluster1_fase0,tratar_duplicados_None,-0.6746629685874852
cluster4_fase3,tratar_faltantes_strings_moda,0.12022304438416315
cluster4_fase3,tratar_faltantes_strings_etiqueta_desconocido,0.12022304369347797
cluster4_fase3,tratar_faltantes_strings_eliminar,0.12022304091501222
cluster4_fase3,tratar_faltantes_strings_aleatorio,0.12022303559139445
cluster5_fase12,deepseek_r1:8b,-0.061041365802223996
cluster5_fase12,qwen2.5_coder:7b,-0.06235695866462759
cluster5_fase12,llama3.1:8b,-0.06133478171442813
cluster5_fase12,ninguno,-0.06091959746709029
cluster8_fase2,tratar_faltantes_numericos_mediana,0.007703694357860964
cluster8_fase2,tratar_faltantes_numericos_None,0.008426439695845776
cluster8_fase2,tratar_faltantes_numericos_eliminar,0.00984304171423353
cluster8_fase2,tratar_faltantes_numericos_moda,0.010506601147582745
cluster8_fase2,tratar_faltantes_numericos_aleatorio,0.008145911840567198
cluster8_fase2,tratar_faltantes_numericos_media_geometrica,0.007369104974201645
cluster8_fase2,tratar_faltantes_numericos_media,0.007929311651765547
cluster5_fase7,tratar_outliers_numericos_moda,-0.04106401539208074
cluster5_fase7,tratar_outliers_numericos_media,-0.041168415712803594
cluster5_fase7,tratar_outliers_numericos_None,-0.04026053357984401
cluster5_fase7,tratar_outliers_numericos_eliminar,-0.04016132116995694
cluster5_fase7,tratar_outliers_numericos_media_geometrica,-0.041004177175158224
cluster5_fase7,tratar_outliers_numericos_aleatorio,-0.040658169744289624
cluster5_fase7,tratar_outliers_numericos_mediana,-0.03968897598089803
cluster6_fase5,codificar_variables_categoricas_rango_medio_eliminar_variable,-0.04612668237159078
cluster6_fase5,codificar_variables_categoricas_rango_medio_frequency_encoding,-0.045729275599691914
cluster6_fase4,codificar_variables_categoricas_rango_bajo_label_encoding,-0.04116719034453117
cluster6_fase4,codificar_variables_categoricas_rango_bajo_None,-0.04185461033471349
cluster6_fase4,codificar_variables_categoricas_rango_bajo_one_hot_encoding,-0.04167038189265259
cluster2_fase15,clustering_kmeans,-0.4093042810584473
cluster2_fase15,clustering_dbscan,-1.0931438004434395
cluster2_fase15,clustering_mean_shift,-0.9342587339262198
cluster2_fase15,clustering_spectral_clustering,-1.2699999999999987
cluster2_fase15,clustering_birch,-0.9962491201834964
cluster2_fase15,clustering_agglomerative_clustering,-1.2699999999999987
cluster5_fase8,escalar_datos_numericos_None,-0.045474661944172615
cluster5_fase8,escalar_datos_numericos_max_abs_scaler,-0.04522695187384176
cluster5_fase8,escalar_datos_numericos_robust_scaler,-0.04550594203481253
cluster5_fase8,escalar_datos_numericos_standard_scaler,-0.0454988667237516
cluster5_fase8,escalar_datos_numericos_min_max,-0.045215853752950286
cluster1_fase2,tratar_faltantes_numericos_mediana,-0.7589192908678891
cluster1_fase2,tratar_faltantes_numericos_None,-0.7588964424158978
cluster1_fase2,tratar_faltantes_numericos_eliminar,-0.7588797078306386
cluster1_fase2,tratar_faltantes_numericos_moda,-0.7589188407919784
cluster1_fase2,tratar_faltantes_numericos_aleatorio,-0.7589301778816921
cluster1_fase2,tratar_faltantes_numericos_media_geometrica,-0.7589155712058904
cluster1_fase2,tratar_faltantes_numericos_media,-0.7589348451586079
cluster1_fase1,codificar_variables_binarias_label_encoding,-0.7155432931446093
cluster1_fase1,codificar_variables_binarias_None,-0.715538056532095
cluster4_fase0,tratar_duplicados_eliminar,0.10078135848556354
cluster4_fase0,tratar_duplicados_None,0.10078135747817751
cluster5_fase14,regresion_random_forest,-1.3129545742692477
cluster5_fase14,regresion_arbol_decision,-0.21562201198471054
cluster5_fase14,regresion_lasso,-0.24641288161107813
cluster5_fase14,regresion_ada_boost,-0.9092357009636456
cluster5_fase14,regresion_lineal,-0.32657692044572384
cluster5_fase14,regresion_knn,-0.2917321756866832
cluster5_fase14,regresion_ridge,-0.22131242328131653
cluster5_fase14,regresion_elasticnet,-0.30251212909827035
cluster5_fase14,regresion_svr,-0.3211186467119286
cluster5_fase14,regresion_mlp_regressor,-0.8720932212991229
cluster5_fase14,regresion_gradient_boosting,-1.3254337454316238
cluster3_fase8,escalar_datos_numericos_None,0.08916673162675692
cluster3_fase8,escalar_datos_numericos_max_abs_scaler,0.08725455261808097
cluster3_fase8,escalar_datos_numericos_robust_scaler,0.08988989626396002
cluster3_fase8,escalar_datos_numericos_standard_scaler,0.08853578326497158
cluster3_fase8,escalar_datos_numericos_min_max,0.08390073811162532
cluster2_fase1,codificar_variables_binarias_label_encoding,0.04605479987302929
cluster2_fase1,codificar_variables_binarias_None,0.047299928670561105
cluster7_fase1,codificar_variables_binarias_label_encoding,0.0
cluster7_fase1,codificar_variables_binarias_None,0.0
cluster3_fase6,codificar_variables_categoricas_rango_alto_eliminar_columna,0.08119102761425785
cluster0_fase2,tratar_faltantes_numericos_mediana,-0.18472636114199892
cluster0_fase2,tratar_faltantes_numericos_None,-0.1879177506711102
cluster0_fase2,tratar_faltantes_numericos_eliminar,-0.18720617354291472
cluster0_fase2,tratar_faltantes_numericos_moda,-0.18156585400600572
cluster0_fase2,tratar_faltantes_numericos_aleatorio,-0.18097804043608204
cluster0_fase2,tratar_faltantes_numericos_media_geometrica,-0.18348857368114496
cluster0_fase2,tratar_faltantes_numericos_media,-0.18606364367722128
cluster4_fase7,tratar_outliers_numericos_moda,0.1521006388961102
cluster4_fase7,tratar_outliers_numericos_media,0.15210063460924605
cluster4_fase7,tratar_outliers_numericos_None,0.15210063927216852
cluster4_fase7,tratar_outliers_numericos_eliminar,0.15210062565937038
cluster4_fase7,tratar_outliers_numericos_media_geometrica,0.152100620056851
cluster4_fase7,tratar_outliers_numericos_aleatorio,0.15210062861671675
cluster4_fase7,tratar_outliers_numericos_mediana,0.152100625864522
cluster0_fase12,deepseek_r1:8b,-0.48802193033866276
cluster0_fase12,qwen2.5_coder:7b,-0.47133531899335307
cluster0_fase12,llama3.1:8b,-0.47582578135857406
cluster0_fase12,ninguno,-0.45753848596625507
cluster6_fase1,codificar_variables_binarias_label_encoding,-0.033099063558028254
cluster6_fase1,codificar_variables_binarias_None,-0.03309260322250689
cluster8_fase11,seleccionar_variables_mutual_info_50,-0.1380845589570516
cluster8_fase11,seleccionar_variables_mutual_info_25,-0.053093172352201845
cluster8_fase11,seleccionar_variables_pca_90,-0.4159158055367504
cluster8_fase11,seleccionar_variables_pca_99,-0.2636680245059693
cluster8_fase11,seleccionar_variables_llm_qwen2.5_coder:7b,-0.025125778058600487
cluster8_fase11,seleccionar_variables_umap_80,-0.3358314807367018
cluster8_fase11,seleccionar_variables_llm_deepseek_r1:8b,-0.042573488582103615
cluster8_fase11,seleccionar_variables_mutual_info_75,-0.01155295563128716
cluster8_fase11,seleccionar_variables_pca_95,-0.05140194718996245
cluster8_fase11,seleccionar_variables_llm_llama3.1:8b,-0.03771715016109803
cluster8_fase11,seleccionar_variables_select_from_model,-0.2804763562925825
cluster8_fase11,seleccionar_variables_umap_50,-0.22057345914907955
cluster8_fase11,seleccionar_variables_umap_20,-0.44278730587193427
cluster8_fase11,seleccionar_variables_None,-0.008832691500815976
cluster8_fase8,escalar_datos_numericos_None,0.04070251414739939
cluster8_fase8,escalar_datos_numericos_max_abs_scaler,0.03885036071953503
cluster8_fase8,escalar_datos_numericos_robust_scaler,0.03397718091868751
cluster8_fase8,escalar_datos_numericos_standard_scaler,0.03772778019601687
cluster8_fase8,escalar_datos_numericos_min_max,0.03795220280415615
cluster9_fase7,tratar_outliers_numericos_moda,0.0
cluster9_fase7,tratar_outliers_numericos_media,0.0
cluster9_fase7,tratar_outliers_numericos_None,0.0
cluster9_fase7,tratar_outliers_numericos_eliminar,0.0
cluster9_fase7,tratar_outliers_numericos_media_geometrica,0.0
cluster9_fase7,tratar_outliers_numericos_aleatorio,0.0
cluster9_fase7,tratar_outliers_numericos_mediana,0.0
cluster7_fase5,codificar_variables_categoricas_rango_medio_eliminar_variable,0.0
cluster7_fase5,codificar_variables_categoricas_rango_medio_frequency_encoding,0.0
cluster5_fase0,tratar_duplicados_eliminar,-0.016413418683935335
cluster5_fase0,tratar_duplicados_None,-0.01647654250427761
cluster4_fase10,crear_nueva_variable_None,0.1814423653168189
cluster4_fase10,crear_nueva_variable_llm_qwen2.5_coder:7b,0.00926269345675399
cluster4_fase10,crear_nueva_variable_llm_deepseek_r1:8b,-0.13311661584408294
cluster4_fase10,crear_nueva_variable_llm_llama3.1:8b,-0.26190905199459474
cluster9_fase2,tratar_faltantes_numericos_mediana,0.0
cluster9_fase2,tratar_faltantes_numericos_eliminar,0.0
cluster9_fase2,tratar_faltantes_numericos_None,0.0
cluster9_fase2,tratar_faltantes_numericos_moda,0.0
cluster9_fase2,tratar_faltantes_numericos_aleatorio,0.0
cluster9_fase2,tratar_faltantes_numericos_media_geometrica,0.0
cluster9_fase2,tratar_faltantes_numericos_media,0.0
cluster4_fase8,escalar_datos_numericos_None,0.16131209380700257
cluster4_fase8,escalar_datos_numericos_max_abs_scaler,-0.9692451042785808
cluster4_fase8,escalar_datos_numericos_robust_scaler,-0.8863278995791815
cluster4_fase8,escalar_datos_numericos_standard_scaler,-1.4153511791991933
cluster4_fase8,escalar_datos_numericos_min_max,-1.09511771540832
cluster6_fase2,tratar_faltantes_numericos_mediana,-0.035226088327708155
cluster6_fase2,tratar_faltantes_numericos_None,-0.03579264046421106
cluster6_fase2,tratar_faltantes_numericos_eliminar,-0.03521312037822415
cluster6_fase2,tratar_faltantes_numericos_moda,-0.03504825200271582
cluster6_fase2,tratar_faltantes_numericos_aleatorio,-0.03513045926114883
cluster6_fase2,tratar_faltantes_numericos_media_geometrica,-0.03573624467730559
cluster6_fase2,tratar_faltantes_numericos_media,-0.035026498401073414
cluster0_fase15,clustering_kmeans,-0.8856925565770345
cluster0_fase15,clustering_dbscan,-1.0180293636095215
cluster0_fase15,clustering_mean_shift,-0.9290504169370187
cluster0_fase15,clustering_spectral_clustering,-1.1845007713330296
cluster0_fase15,clustering_birch,-1.1069219843511346
cluster0_fase15,clustering_agglomerative_clustering,-0.7786199376510677
cluster4_fase2,tratar_faltantes_numericos_mediana,0.11335790441389079
cluster4_fase2,tratar_faltantes_numericos_None,0.11335790670531048
cluster4_fase2,tratar_faltantes_numericos_eliminar,0.11335791562432786
cluster4_fase2,tratar_faltantes_numericos_moda,0.11335791173808221
cluster4_fase2,tratar_faltantes_numericos_aleatorio,0.11335790908306691
cluster4_fase2,tratar_faltantes_numericos_media_geometrica,0.11335791244485006
cluster4_fase2,tratar_faltantes_numericos_media,0.11335787859871545
cluster2_fase5,codificar_variables_categoricas_rango_medio_eliminar_variable,0.07215508565882225
cluster2_fase5,codificar_variables_categoricas_rango_medio_frequency_encoding,0.07206113335959817
cluster6_fase9,normalizar_datos_numericos_inverso,-0.07928056408403061
cluster6_fase9,normalizar_datos_numericos_z_score,-0.15782702026798903
cluster6_fase9,normalizar_datos_numericos_box_cox,-0.09473757304274386
cluster6_fase9,normalizar_datos_numericos_cuadrado,-0.09223675826690857
cluster6_fase9,normalizar_datos_numericos_None,-0.09063325511428413
cluster6_fase9,normalizar_datos_numericos_sqrt,-0.09384463716552223
cluster6_fase9,normalizar_datos_numericos_ln,-0.08732129257584254
cluster7_fase6,codificar_variables_categoricas_rango_alto_eliminar_columna,0.0
cluster7_fase7,tratar_outliers_numericos_moda,0.0
cluster7_fase7,tratar_outliers_numericos_media,0.0
cluster7_fase7,tratar_outliers_numericos_None,0.0
cluster7_fase7,tratar_outliers_numericos_eliminar,0.0
cluster7_fase7,tratar_outliers_numericos_media_geometrica,0.0
cluster7_fase7,tratar_outliers_numericos_aleatorio,0.0
cluster7_fase7,tratar_outliers_numericos_mediana,0.0
cluster9_fase6,codificar_variables_categoricas_rango_alto_eliminar_columna,0.0
cluster1_fase7,tratar_outliers_numericos_moda,-1.017964570824697
cluster1_fase7,tratar_outliers_numericos_media,-1.0181816683678386
cluster1_fase7,tratar_outliers_numericos_None,-1.017963385343047
cluster1_fase7,tratar_outliers_numericos_eliminar,-1.018019696751138
cluster1_fase7,tratar_outliers_numericos_media_geometrica,-1.0180377903514055
cluster1_fase7,tratar_outliers_numericos_aleatorio,-1.0179012592237127
cluster1_fase7,tratar_outliers_numericos_mediana,-1.0179220799954336
cluster5_fase11,seleccionar_variables_mutual_info_50,-0.14932255953320037
cluster5_fase11,seleccionar_variables_mutual_info_25,-0.07442223169633216
cluster5_fase11,seleccionar_variables_pca_90,-0.1803283828080758
cluster5_fase11,seleccionar_variables_llm_qwen2.5_coder:7b,-0.060238626814356155
cluster5_fase11,seleccionar_variables_pca_99,-0.3760698501426771
cluster5_fase11,seleccionar_variables_umap_80,-0.5244985962669301
cluster5_fase11,seleccionar_variables_llm_deepseek_r1:8b,-0.058274982613506644
cluster5_fase11,seleccionar_variables_mutual_info_75,-0.15204927462110657
cluster5_fase11,seleccionar_variables_pca_95,-0.3346958159006198
cluster5_fase11,seleccionar_variables_llm_llama3.1:8b,-0.059909316220279646
cluster5_fase11,seleccionar_variables_select_from_model,-0.11737722727954102
cluster5_fase11,seleccionar_variables_umap_50,-0.27934182282743303
cluster5_fase11,seleccionar_variables_umap_20,-0.3769053464323856
cluster5_fase11,seleccionar_variables_None,-0.05980518190809815
cluster8_fase15,clustering_dbscan,-0.644599458723023
cluster8_fase15,clustering_mean_shift,-0.8345052399169087
cluster8_fase15,clustering_spectral_clustering,-1.0468091020198937
cluster8_fase15,clustering_birch,-0.7452370714185248
cluster8_fase15,clustering_kmeans,-0.1604071451658002
cluster8_fase15,clustering_agglomerative_clustering,-0.5047091665599268
cluster9_fase12,deepseek_r1:8b,0.0
cluster9_fase12,qwen2.5_coder:7b,0.0
cluster9_fase12,llama3.1:8b,0.0
cluster9_fase12,ninguno,0.0
cluster1_fase6,codificar_variables_categoricas_rango_alto_eliminar_columna,-0.959794223777589
cluster3_fase15,clustering_kmeans,-0.2191827212311958
cluster3_fase15,clustering_dbscan,-0.5563769913430345
cluster3_fase15,clustering_mean_shift,-0.7316495787463583
cluster3_fase15,clustering_spectral_clustering,-0.9728968850344555
cluster3_fase15,clustering_birch,-0.42487381560208926
cluster3_fase15,clustering_agglomerative_clustering,-0.28243048946489707
cluster9_fase1,codificar_variables_binarias_label_encoding,0.0
cluster9_fase1,codificar_variables_binarias_None,0.0
cluster4_fase13,clasificacion_random_forest,-1.449986216864577
cluster4_fase13,clasificacion_linear_discriminant_analysis,-1.449986216864577
cluster4_fase13,clasificacion_svc,-1.449986216864577
cluster4_fase13,clasificacion_quadratic_discriminant_analysis,-1.449986216864577
cluster4_fase13,clasificacion_ridge_classifier,0.11331312440407272
cluster4_fase13,clasificacion_logistic_regression,0.18346955767267523
cluster4_fase13,clasificacion_linear_svc,0.16864177519421192
cluster4_fase13,clasificacion_sgd_classifier,0.05039822724137221
cluster4_fase13,clasificacion_decision_tree,0.21644468814964066
cluster4_fase13,clasificacion_knn,0.14416578546537884
cluster4_fase13,clasificacion_mlp_classifier,-1.449986216864577
cluster2_fase13,clasificacion_random_forest,-1.075700690213326
cluster2_fase13,clasificacion_linear_discriminant_analysis,-0.7708198455258787
cluster2_fase13,clasificacion_svc,-1.1957337603526477
cluster2_fase13,clasificacion_quadratic_discriminant_analysis,-1.0473137919300144
cluster2_fase13,clasificacion_multinomial_nb,-0.9920433196469498
cluster2_fase13,clasificacion_ridge_classifier,-0.6265069132194179
cluster2_fase13,clasificacion_logistic_regression,-0.07050013512508954
cluster2_fase13,clasificacion_ada_boost,-0.9787082428929496
cluster2_fase13,clasificacion_sgd_classifier,-1.0775202492403684
cluster2_fase13,clasificacion_linear_svc,-1.0000333032177373
cluster2_fase13,clasificacion_mlp_classifier,-0.8296277289644151
cluster2_fase13,clasificacion_decision_tree,-0.35690972355860495
cluster2_fase13,clasificacion_gradient_boosting,-1.4499999999999986
cluster2_fase13,clasificacion_knn,-1.4499999999999986
cluster2_fase13,clasificacion_hist_gradient_boosting,-1.4499999999999986
cluster2_fase13,clasificacion_gaussian_nb,-0.0436060714517605
cluster7_fase4,codificar_variables_categoricas_rango_bajo_label_encoding,0.0
cluster7_fase4,codificar_variables_categoricas_rango_bajo_None,0.0
cluster7_fase4,codificar_variables_categoricas_rango_bajo_one_hot_encoding,0.0
cluster6_fase14,regresion_random_forest,-1.4130320371283887
cluster6_fase14,regresion_arbol_decision,0.22680424120637702
cluster6_fase14,regresion_lasso,-0.04508959792905305
cluster6_fase14,regresion_ada_boost,-0.9970293249699623
cluster6_fase14,regresion_lineal,0.05122069835651721
cluster6_fase14,regresion_knn,0.17194087480085665
cluster6_fase14,regresion_elasticnet,0.11674086789850957
cluster6_fase14,regresion_ridge,-0.14609500001952955
cluster6_fase14,regresion_svr,-0.3084255031359182
cluster6_fase14,regresion_mlp_regressor,-0.20672435587845508
cluster6_fase14,regresion_gradient_boosting,-1.4499999999999986
cluster9_fase9,normalizar_datos_numericos_inverso,0.0
cluster9_fase9,normalizar_datos_numericos_z_score,0.0
cluster9_fase9,normalizar_datos_numericos_box_cox,-0.06765012299146973
cluster9_fase9,normalizar_datos_numericos_None,0.0
cluster9_fase9,normalizar_datos_numericos_cuadrado,0.0
cluster9_fase9,normalizar_datos_numericos_sqrt,0.0
cluster9_fase9,normalizar_datos_numericos_ln,0.0
cluster9_fase14,regresion_random_forest,-1.3763657052547222
cluster9_fase14,regresion_arbol_decision,-0.2356155374246454
cluster9_fase14,regresion_lasso,-0.23095318788384334
cluster9_fase14,regresion_ada_boost,-1.1941654003877324
cluster9_fase14,regresion_lineal,-0.37979375921553865
cluster9_fase14,regresion_knn,-0.26401458463302385
cluster9_fase14,regresion_elasticnet,-0.2251602769148058
cluster9_fase14,regresion_ridge,-0.15005918732594664
cluster9_fase14,regresion_svr,-0.7274982412323215
cluster9_fase14,regresion_mlp_regressor,-0.42090675126545285
cluster9_fase14,regresion_gradient_boosting,-1.4499999999999986
cluster9_fase11,seleccionar_variables_mutual_info_50,-0.1132535109560827
cluster9_fase11,seleccionar_variables_mutual_info_25,-0.07752835335276173
cluster9_fase11,seleccionar_variables_pca_90,-1.4499999999999986
cluster9_fase11,seleccionar_variables_llm_qwen2.5_coder:7b,0.0
cluster9_fase11,seleccionar_variables_pca_99,-1.4499999999999986
cluster9_fase11,seleccionar_variables_umap_80,-0.7327776456344374
cluster9_fase11,seleccionar_variables_llm_deepseek_r1:8b,-0.07197437464233808
cluster9_fase11,seleccionar_variables_mutual_info_75,-0.161651435106193
cluster9_fase11,seleccionar_variables_pca_95,-0.23841285259151043
cluster9_fase11,seleccionar_variables_llm_llama3.1:8b,0.0
cluster9_fase11,seleccionar_variables_select_from_model,-0.13456083628594578
cluster9_fase11,seleccionar_variables_umap_50,-0.49318750491404795
cluster9_fase11,seleccionar_variables_umap_20,-0.601373440243069
cluster9_fase11,seleccionar_variables_None,0.0
cluster1_fase5,codificar_variables_categoricas_rango_medio_eliminar_variable,-0.9050259379652879
cluster1_fase5,codificar_variables_categoricas_rango_medio_frequency_encoding,-0.9050506054437639
cluster8_fase5,codificar_variables_categoricas_rango_medio_eliminar_variable,0.027777190046315722
cluster8_fase5,codificar_variables_categoricas_rango_medio_frequency_encoding,0.027324245886654556
cluster2_fase6,codificar_variables_categoricas_rango_alto_eliminar_columna,0.07695329372830191
cluster4_fase5,codificar_variables_categoricas_rango_medio_eliminar_variable,0.13522575330677117
cluster4_fase5,codificar_variables_categoricas_rango_medio_frequency_encoding,0.13522574787070804
cluster8_fase3,tratar_faltantes_strings_etiqueta_desconocido,0.016394636179131845
cluster8_fase3,tratar_faltantes_strings_eliminar,0.016032597767567585
cluster8_fase3,tratar_faltantes_strings_moda,0.015391726305241963
cluster8_fase3,tratar_faltantes_strings_aleatorio,0.015752050295352146
cluster0_fase5,codificar_variables_categoricas_rango_medio_eliminar_variable,-0.21518307803817377
cluster0_fase5,codificar_variables_categoricas_rango_medio_frequency_encoding,-0.21454766923475352
cluster9_fase4,codificar_variables_categoricas_rango_bajo_label_encoding,0.0
cluster9_fase4,codificar_variables_categoricas_rango_bajo_None,0.0
cluster9_fase4,codificar_variables_categoricas_rango_bajo_one_hot_encoding,0.0
cluster5_fase2,tratar_faltantes_numericos_mediana,-0.021299098789097685
cluster5_fase2,tratar_faltantes_numericos_eliminar,-0.021988623365203176
cluster5_fase2,tratar_faltantes_numericos_None,-0.023135022184632568
cluster5_fase2,tratar_faltantes_numericos_moda,-0.023247912163603994
cluster5_fase2,tratar_faltantes_numericos_aleatorio,-0.020968982029360952
cluster5_fase2,tratar_faltantes_numericos_media_geometrica,-0.02297301859087319
cluster5_fase2,tratar_faltantes_numericos_media,-0.02263634291775349
cluster8_fase1,codificar_variables_binarias_label_encoding,0.008202735807812273
cluster8_fase1,codificar_variables_binarias_None,0.0075738987221458404
cluster4_fase1,codificar_variables_binarias_label_encoding,0.1068848171336214
cluster4_fase1,codificar_variables_binarias_None,0.1068848194021686
cluster3_fase4,codificar_variables_categoricas_rango_bajo_label_encoding,0.07734789473162935
cluster3_fase4,codificar_variables_categoricas_rango_bajo_None,0.07700074465806177
cluster3_fase4,codificar_variables_categoricas_rango_bajo_one_hot_encoding,0.076598699893403
cluster8_fase12,deepseek_r1:8b,-0.1079991094423501
cluster8_fase12,qwen2.5_coder:7b,-0.10745661009571889
cluster8_fase12,llama3.1:8b,-0.09755179016594626
cluster8_fase12,ninguno,-0.10923143146417448
cluster5_fase1,codificar_variables_binarias_label_encoding,-0.01891943092001117
cluster5_fase1,codificar_variables_binarias_None,-0.018197048262898086
